time(ms),x_accel,y_accel,z_accel,g_measured,TimeInterval,Date
0,-0.02858,-0.995651,-0.074661,0.998856,5259.276136,27:55.3
2.9542,0.005875,-0.961502,-0.164291,0.975455,5259.305678,27:55.3
5.9087,-0.008652,-0.969009,-0.146347,0.980036,5259.335223,27:55.3
8.8632,0.015137,-0.986481,-0.141998,0.996763,5259.364768,27:55.2
11.8176,-0.011948,-0.979507,-0.147125,0.990567,5259.394312,27:55.2
14.772,-0.016769,-0.974197,-0.182587,0.991302,5259.423856,27:55.2
17.7259,-0.004715,-0.981644,-0.149551,0.992981,5259.453395,27:55.1
20.6808,-0.003021,-0.983719,-0.12471,0.991597,5259.482944,27:55.1
23.635,0.012207,-0.98175,-0.123077,0.989511,5259.512486,27:55.1
26.5894,0.010452,-0.982544,-0.11026,0.988766,5259.54203,27:55.1
29.5437,0.021942,-0.982178,-0.122314,0.990008,5259.571573,27:55.0
32.4981,0.05191,-0.988632,-0.102905,0.995328,5259.601117,27:55.0
35.4522,-0.033737,-0.979248,-0.139069,0.989649,5259.630658,27:55.0
38.4073,-0.040283,-0.983063,-0.113876,0.990456,5259.660209,27:54.9
41.3618,-0.052826,-0.987091,-0.085526,0.992197,5259.689754,27:54.9
44.3166,-0.000244,-0.946121,-0.141541,0.95665,5259.719302,27:54.9
47.271,0.086624,-1.038483,-0.17955,1.057444,5259.748846,27:54.8
50.2255,-0.092636,-0.952866,-0.088181,0.96141,5259.778391,27:54.8
53.1795,-0.020645,-0.975815,-0.109787,0.982188,5259.807931,27:54.8
56.1345,-0.001038,-0.978287,-0.06813,0.980657,5259.837481,27:54.8
59.0891,0.043793,-0.994202,-0.066986,0.997418,5259.867027,27:54.7
62.0434,0.056396,-1.004593,0.020538,1.006384,5259.89657,27:54.7
64.9979,0.043198,-1.009827,-0.03244,1.011271,5259.926115,27:54.7
67.9525,0.125778,-1.003036,0.0327,1.011421,5259.955661,27:54.6
70.9059,0.137161,-1.017822,-0.079544,1.030098,5259.985195,27:54.6
73.8615,0.050507,-0.993057,-0.095459,0.998912,5260.014751,27:54.6
76.8162,-0.097549,-0.95108,-0.074921,0.959001,5260.044298,27:54.6
79.7706,-0.112839,-0.970581,-0.13176,0.985962,5260.073842,27:54.5
82.7252,-0.062912,-0.955963,-0.105377,0.963809,5260.103388,27:54.5
85.6799,-0.028671,-0.997513,-0.138275,1.007459,5260.132935,27:54.5
88.6335,-0.039902,-0.94751,-0.210281,0.971383,5260.162471,27:54.4
91.5891,-0.010773,-1.021027,-0.142685,1.031005,5260.192027,27:54.4
94.5436,-0.016052,-0.976303,-0.077042,0.97947,5260.221572,27:54.4
97.4982,-0.064209,-0.966614,-0.086243,0.972575,5260.251118,27:54.3
100.4529,0.042191,-1.007446,-0.096298,1.012917,5260.280665,27:54.3
103.4076,0.024017,-0.946487,-0.049255,0.948072,5260.310212,27:54.3
106.3626,0.053268,-0.992737,-0.064285,0.996241,5260.339762,27:54.3
109.3175,0.039734,-0.986618,-0.096115,0.992085,5260.369311,27:54.2
112.2724,-0.027191,-0.987396,-0.032562,0.988307,5260.39886,27:54.2
115.2265,0.038025,-0.998245,-0.054382,1.000448,5260.428401,27:54.2
118.1814,0.055496,-0.982605,-0.094803,0.988726,5260.45795,27:54.1
121.1362,0.024185,-1.007248,-0.042343,1.008428,5260.487498,27:54.1
124.0912,-0.060745,-0.951508,-0.128555,0.962072,5260.517048,27:54.1
127.0457,-0.043396,-0.980972,-0.089554,0.986007,5260.546593,27:54.0
130.0006,-0.073441,-0.96962,-0.092468,0.976784,5260.576142,27:54.0
132.9553,-0.100754,-0.949615,-0.123871,0.962946,5260.605689,27:54.0
135.9102,-0.123169,-1.011703,-0.045898,1.020206,5260.635238,27:54.0
138.8649,-0.098511,-0.951584,-0.007629,0.9567,5260.664785,27:53.9
141.8197,0.035309,-0.968445,-0.002457,0.969091,5260.694333,27:53.9
144.7742,-0.027908,-1.024811,0.076019,1.028005,5260.723878,27:53.9
147.7288,0.095825,-0.979218,0.020996,0.984119,5260.753424,27:53.8
150.6833,0.129684,-1.053299,0.093948,1.065403,5260.782969,27:53.8
153.6383,0.01825,-0.966873,0.028015,0.967451,5260.812519,27:53.8
156.5927,0.003876,-1.031891,0.041107,1.032717,5260.842063,27:53.8
159.5474,-0.064056,-0.983765,0.017227,0.985998,5260.87161,27:53.7
162.5017,-0.076797,-0.988007,0.018753,0.991164,5260.901153,27:53.7
165.4562,-0.029312,-1.000946,0.019333,1.001562,5260.930698,27:53.7
168.411,0.003372,-0.97345,0.040054,0.974279,5260.960246,27:53.6
171.3653,-0.102844,-1.047897,0.051178,1.054175,5260.989789,27:53.6
174.3194,-0.089172,-0.971939,0.04718,0.977161,5261.01933,27:53.6
177.2745,0.021255,-0.98259,-0.014664,0.982929,5261.048881,27:53.5
180.2292,-0.031586,-0.99147,0.009567,0.992019,5261.078428,27:53.5
183.1837,-0.116745,-1.027359,0.074707,1.036666,5261.107973,27:53.5
186.1382,0.005936,-1.055008,0.093857,1.059191,5261.137518,27:53.5
189.0929,0.174438,-0.986099,0.108414,1.007261,5261.167065,27:53.4
192.0449,0.105667,-0.943848,-0.037628,0.950489,5261.196585,27:53.4
195.0013,-0.022888,-1.151093,-0.228455,1.173767,5261.226149,27:53.4
197.9554,-0.121582,-1.070358,-0.096909,1.081592,5261.25569,27:53.3
200.9097,0.163254,-0.850708,0.487259,0.99387,5261.285233,27:53.3
203.8644,0.7164,-0.920044,0.420807,1.239673,5261.31478,27:53.3
206.8188,1.085419,-1.01152,0.592667,1.597674,5261.344324,27:53.3
209.773,0.479645,-0.949234,0.851669,1.362514,5261.373866,27:53.2
212.7215,0.299866,-0.77182,0.749069,1.116571,5261.403351,27:53.2
215.677,0.368927,-0.539322,0.63797,0.913226,5261.432906,27:53.2
218.6317,0.380463,-0.61647,0.385864,0.820779,5261.462453,27:53.1
221.5865,0.609879,-0.582184,0.379898,0.924777,5261.492001,27:53.1
224.5411,0.309296,-0.511505,0.38681,0.711986,5261.521547,27:53.1
227.496,-0.026871,-0.610092,0.357849,0.707807,5261.551096,27:53.0
230.4504,0.186615,-0.754211,0.495163,0.921329,5261.58064,27:53.0
233.4048,0.493515,-0.856308,0.719849,1.222703,5261.610184,27:53.0
236.3595,0.288712,-0.942505,0.354553,1.047558,5261.639731,27:53.0
239.3141,0.175369,-1.111603,0.207825,1.14438,5261.669277,27:52.9
242.2686,0.10495,-1.193787,0.024094,1.198633,5261.698822,27:52.9
245.2231,0.132507,-1.157257,-0.028046,1.165156,5261.728367,27:52.9
248.1778,0.243912,-1.186874,-0.005051,1.211689,5261.757914,27:52.8
251.132,0.211945,-1.164505,0.172333,1.196115,5261.787456,27:52.8
254.0863,-0.091843,-1.205856,0.325256,1.252324,5261.816999,27:52.8
257.0412,-0.093369,-1.107468,0.316681,1.155634,5261.846548,27:52.7
259.9961,-0.114609,-0.946167,0.224045,0.979062,5261.876097,27:52.7
262.9508,-0.155548,-0.920944,0.182877,0.951723,5261.905644,27:52.7
265.9056,-0.124496,-0.935715,0.140228,0.954319,5261.935192,27:52.7
268.8603,-0.084961,-0.942291,0.141678,0.956663,5261.964739,27:52.6
271.8149,-0.077225,-0.956497,0.162262,0.973231,5261.994285,27:52.6
274.7694,-0.116714,-0.976151,0.126923,0.991263,5262.02383,27:52.6
277.7241,-0.102325,-0.947266,0.134277,0.962192,5262.053377,27:52.5
280.6788,-0.042099,-1.011337,0.160385,1.024841,5262.082924,27:52.5
283.6332,0.124908,-1.016647,0.120911,1.031404,5262.112468,27:52.5
286.588,-0.056229,-0.977081,0.13028,0.987331,5262.142016,27:52.5
289.5428,-0.284424,-0.914841,0.123184,0.965922,5262.171564,27:52.4
292.4974,-0.310501,-0.937073,0.061676,0.989101,5262.20111,27:52.4
295.4515,-0.114594,-0.993195,0.038239,1.000515,5262.230651,27:52.4
298.4066,0.064713,-1.020615,0.058685,1.024347,5262.260202,27:52.3
301.3612,-0.292053,-0.970703,0.171875,1.028154,5262.289748,27:52.3
304.3157,-0.365768,-0.924942,0.194031,1.013387,5262.319293,27:52.3
307.2705,-0.172516,-1.054123,0.128098,1.0758,5262.348841,27:52.2
310.225,-0.050446,-0.919739,0.051315,0.922549,5262.378386,27:52.2
313.1792,-0.480331,-0.749756,0.306412,0.941669,5262.407928,27:52.2
316.134,-0.679214,-0.885132,-0.137985,1.124202,5262.437476,27:52.2
319.0884,0.714142,-1.029327,-0.066879,1.254586,5262.46702,27:52.1
322.0427,0.294708,-1.251129,-0.757446,1.491946,5262.496563,27:52.1
324.9969,-0.568878,-1.691071,0.837891,1.971142,5262.526105,27:52.1
327.9511,0.16362,-1.745712,-0.300827,1.778983,5262.555647,27:52.0
330.905,0.155869,-0.402481,0.677521,0.803318,5262.585186,27:52.0
333.8598,0.465393,-0.52356,0.418915,0.816208,5262.614734,27:52.0
336.8142,0.339737,-1.023666,0.416061,1.156037,5262.644278,27:52.0
339.7684,0.409988,-1.299042,0.457428,1.436955,5262.67382,27:51.9
342.7225,0.638702,-1.468399,0.468597,1.668448,5262.703361,27:51.9
345.6767,0.391251,-1.187775,0.473999,1.337371,5262.732903,27:51.9
348.6293,0.162872,-0.83345,0.421921,0.948253,5262.762429,27:51.8
351.5854,0.116776,-0.656509,0.439758,0.798767,5262.79199,27:51.8
354.5401,0.184067,-0.596939,0.365738,0.723865,5262.821537,27:51.8
357.4944,0.295456,-0.542053,0.279404,0.67763,5262.85108,27:51.7
360.4488,0.315277,-0.435776,0.302505,0.617098,5262.880624,27:51.7
363.4034,0.271118,-0.482925,0.291321,0.625771,5262.91017,27:51.7
366.3562,0.094101,-0.836166,0.167419,0.857939,5262.939698,27:51.7
369.3125,0.345734,-0.74939,0.74794,1.113791,5262.969261,27:51.6
372.2668,-0.128662,-0.928986,0.671173,1.153274,5262.998804,27:51.6
375.2209,-0.1035,-1.249451,0.22496,1.273753,5263.028345,27:51.6
378.1754,0.109329,-1.483704,-0.192215,1.500092,5263.05789,27:51.5
381.1299,-0.066025,-1.70816,-0.102325,1.712496,5263.087435,27:51.5
384.0842,-0.105347,-1.515625,0.090881,1.521998,5263.116978,27:51.5
387.0383,0.134521,-1.214813,0.159241,1.232568,5263.146519,27:51.4
389.9928,0.054672,-1.032791,0.213928,1.056131,5263.176064,27:51.4
392.9472,-0.109375,-0.995987,0.260864,1.035376,5263.205608,27:51.4
395.9017,-0.048126,-0.958237,0.238571,0.988661,5263.235153,27:51.4
398.8561,-0.000748,-0.982071,0.074265,0.984875,5263.264697,27:51.3
401.8107,-0.091629,-0.955032,0.105804,0.965234,5263.294243,27:51.3
404.7653,-0.121887,-0.930954,0.165527,0.953379,5263.323789,27:51.3
407.72,-0.042908,-0.96167,0.147522,0.973865,5263.353336,27:51.2
410.6744,0.005356,-0.960632,0.242706,0.990833,5263.38288,27:51.2
413.6289,-0.046341,-0.925171,0.230072,0.954475,5263.412425,27:51.2
416.5832,-0.054504,-0.987381,0.188644,1.006717,5263.441968,27:51.2
419.5374,0.040939,-0.962646,0.173553,0.979023,5263.47151,27:51.1
422.4921,0.143158,-0.911057,0.286346,0.965667,5263.501057,27:51.1
425.4468,0.393875,-1.050919,0.190079,1.138287,5263.530604,27:51.1
428.4015,0.396912,-1.073807,0.111465,1.150228,5263.560151,27:51.0
431.356,0.027634,-0.878601,0.401566,0.966415,5263.589696,27:51.0
434.3106,-0.542755,-0.987167,0.503571,1.233963,5263.619242,27:51.0
437.2658,-0.249268,-0.955185,0.47081,1.093698,5263.648794,27:50.9
440.2204,0.314392,-1.149704,0.532684,1.305532,5263.67834,27:50.9
443.175,0.477005,-1.047821,0.250702,1.178267,5263.707886,27:50.9
446.1296,0.165817,-0.146439,0.178268,0.284111,5263.737432,27:50.9
449.0841,-0.39209,-2.361588,-0.189926,2.401437,5263.766977,27:50.8
452.0383,-0.438766,-1.239685,-0.293945,1.347494,5263.796519,27:50.8
454.9926,-0.098389,-0.686096,0.453522,0.828306,5263.826062,27:50.8
457.947,0.27388,-0.767578,0.38443,0.901095,5263.855606,27:50.7
460.9012,0.264572,-0.751968,0.289566,0.848118,5263.885148,27:50.7
463.8558,0.140213,-0.743896,0.171326,0.776141,5263.914694,27:50.7
466.8106,0.125397,-0.778549,0.039703,0.789582,5263.944242,27:50.7
469.7652,0.165497,-0.938736,-0.108292,0.959344,5263.973788,27:50.6
472.7196,0.076218,-0.912216,-0.195938,0.93613,5264.003332,27:50.6
475.6745,0.028839,-0.883759,-0.281662,0.928006,5264.032881,27:50.6
478.629,-0.063141,-0.904739,-0.327255,0.964176,5264.062426,27:50.5
481.5837,-0.111572,-0.968613,-0.237091,1.00343,5264.091973,27:50.5
484.5382,-0.13916,-1.086639,-0.198822,1.11341,5264.121518,27:50.5
487.492,-0.104935,-1.167542,-0.287201,1.206917,5264.151056,27:50.4
490.4471,-0.152435,-0.992783,-0.377319,1.072951,5264.180607,27:50.4
493.4014,-0.389511,-1.085907,-0.19342,1.169754,5264.21015,27:50.4
496.3562,-0.305725,-1.112518,-0.12648,1.160673,5264.239698,27:50.4
499.311,-0.139984,-1.016708,-0.241165,1.054254,5264.269246,27:50.3
502.2657,-0.304886,-0.877411,-0.13826,0.939107,5264.298793,27:50.3
505.22,-0.40889,-0.888504,-0.337875,1.03479,5264.328336,27:50.3
508.1753,-0.128387,-0.900375,-0.443436,1.011827,5264.357889,27:50.2
511.13,-0.577301,-0.768143,-0.145065,0.971784,5264.387436,27:50.2
514.0845,-0.460739,-0.848236,-0.050186,0.966594,5264.416981,27:50.2
517.0391,-0.064575,-0.846466,0.015228,0.849062,5264.446527,27:50.1
519.9939,0.00882,-0.962708,0.005692,0.962765,5264.476075,27:50.1
522.9483,-0.225479,-1.034256,0.002945,1.058553,5264.505619,27:50.1
525.9035,-0.194473,-0.969452,0.168976,1.0031,5264.535171,27:50.1
528.8585,0.480194,-1.06958,0.168579,1.184486,5264.564721,27:50.0
531.8132,-0.022629,-1.090454,0.206696,1.110101,5264.594268,27:50.0
534.7679,-0.181976,-1.012375,0.170532,1.042641,5264.623815,27:50.0
537.7224,-0.004639,-1.009903,0.164597,1.023239,5264.65336,27:49.9
540.6747,-0.053497,-0.991165,0.053726,0.994061,5264.682883,27:49.9
543.6319,-0.009262,-0.982773,0.065781,0.985015,5264.712455,27:49.9
546.5866,-0.088394,-0.991821,0.073853,0.998487,5264.742002,27:49.9
549.5412,-0.3806,-0.945511,0.211151,1.04088,5264.771548,27:49.8
552.4961,-0.673996,-0.902008,0.493103,1.229244,5264.801097,27:49.8
555.4509,-0.079773,-0.85817,0.459366,0.976645,5264.830645,27:49.8
558.4056,0.178711,-0.969574,0.314194,1.03476,5264.860192,27:49.7
561.3605,0.28923,-1.041367,0.082077,1.083898,5264.889741,27:49.7
564.3153,0.187256,-0.975235,0.229446,1.019212,5264.919289,27:49.7
567.2699,-0.126617,-0.965042,0.424652,1.061917,5264.948835,27:49.6
570.2244,-0.132782,-0.965485,0.474869,1.084109,5264.97838,27:49.6
573.1796,0.013245,-0.978775,0.374054,1.047899,5265.007932,27:49.6
576.1346,-0.110687,-0.953903,0.304947,1.007559,5265.037482,27:49.6
579.0894,0.138168,-0.947662,0.303375,1.004585,5265.06703,27:49.5
582.0439,0.202896,-0.970505,0.224579,1.016603,5265.096575,27:49.5
584.9988,0.053162,-1.001297,0.21109,1.024686,5265.126124,27:49.5
587.9535,0.205521,-0.996704,0.12767,1.02565,5265.155671,27:49.4
590.9083,0.177505,-0.92688,0.148529,0.95534,5265.185219,27:49.4
593.8631,0.032043,-0.99971,0.138443,1.009759,5265.214767,27:49.4
596.8178,0.078552,-0.967957,0.216049,0.994881,5265.244314,27:49.4
599.7725,0.038208,-0.992615,0.205002,1.014283,5265.273861,27:49.3
602.7271,0.019974,-0.992371,0.279739,1.031238,5265.303407,27:49.3
605.6815,-0.017731,-0.955154,0.25621,0.989079,5265.332951,27:49.3
608.636,0.011261,-0.931412,0.216721,0.956359,5265.362496,27:49.2
611.5903,0.070007,-0.990326,0.196732,1.012102,5265.392039,27:49.2
614.5448,0.029282,-0.962494,0.225952,0.989094,5265.421584,27:49.2
617.4994,0.032059,-0.945709,0.181885,0.963574,5265.45113,27:49.1
620.4543,0.210129,-0.969116,0.156509,1.00391,5265.480679,27:49.1
623.409,0.162384,-0.948868,0.173264,0.97813,5265.510226,27:49.1
626.3639,0.079819,-0.958847,0.21138,0.985109,5265.539775,27:49.1
629.3191,0.017929,-1.001373,0.222519,1.025955,5265.569327,27:49.0
632.2739,-0.042282,-0.980301,0.264709,1.016292,5265.598875,27:49.0
635.2287,-0.059967,-0.942657,0.289978,0.988072,5265.628423,27:49.0
638.1835,-0.074463,-0.906845,0.305893,0.959939,5265.657971,27:48.9
641.1385,0.076462,-0.900131,0.247574,0.936683,5265.687521,27:48.9
644.0934,0.12822,-0.992935,0.158676,1.013676,5265.71707,27:48.9
647.0484,-0.203751,-0.928482,0.055496,0.952194,5265.74662,27:48.8
650.0031,-0.471359,-0.94751,-0.08284,1.061516,5265.776167,27:48.8
652.9577,-0.105484,-1.227356,-0.339142,1.277712,5265.805713,27:48.8
655.9125,0.258698,-1.347244,-0.40062,1.429156,5265.835261,27:48.8
658.867,-0.154633,-1.785172,0.065338,1.793047,5265.864806,27:48.7
661.8214,-0.125259,-1.478897,0.330276,1.520496,5265.89435,27:48.7
664.7758,0.057587,-1.428604,0.376251,1.478442,5265.923894,27:48.7
667.7302,0.237045,-1.36882,0.349228,1.432417,5265.953438,27:48.6
670.6846,0.077972,-1.193771,0.208374,1.214327,5265.982982,27:48.6
673.6392,-0.031006,-0.988586,0.239899,1.01775,5266.012528,27:48.6
676.5939,0.113693,-0.682098,0.255325,0.73714,5266.042075,27:48.6
679.548,0.18924,-0.564941,0.13295,0.610447,5266.071616,27:48.5
682.503,0.326157,-0.500793,0.218918,0.636473,5266.101166,27:48.5
685.4552,0.261383,-0.379608,0.294861,0.547144,5266.130688,27:48.5
688.4119,0.251938,-0.266083,0.445587,0.576906,5266.160255,27:48.4
691.3666,0.396988,-0.477982,0.503586,0.79979,5266.189802,27:48.4
694.3209,0.454941,-0.424561,0.738861,0.965991,5266.219345,27:48.4
697.2753,0.173691,-0.572876,0.737671,0.950007,5266.248889,27:48.3
700.2304,0.443741,-0.559204,0.545731,0.898575,5266.27844,27:48.3
703.1848,0.213257,-0.929596,0.453217,1.055951,5266.307984,27:48.3
706.1395,0.443085,-1.005493,0.621521,1.26239,5266.337531,27:48.3
709.0943,0.31691,-0.95224,0.435303,1.093929,5266.367079,27:48.2
712.0489,0.295227,-1.220139,0.419128,1.323467,5266.396625,27:48.2
714.9974,0.38652,-0.970825,0.45871,1.14119,5266.42611,27:48.2
717.9523,0.020523,-1.157227,0.300339,1.195742,5266.455659,27:48.1
720.9068,0.0755,-0.976059,0.409744,1.061264,5266.485204,27:48.1
723.8615,0.012878,-0.909882,0.391556,0.990639,5266.514751,27:48.1
726.8161,-0.027832,-0.877914,0.385468,0.959215,5266.544297,27:48.1
729.7705,0.122421,-0.980194,0.127075,0.99595,5266.573841,27:48.0
732.722,0.128021,-0.920242,0.197037,0.949768,5266.603356,27:48.0
735.6788,-0.117142,-0.981735,0.170746,1.003335,5266.632924,27:48.0
738.633,-0.035919,-0.926636,0.200027,0.94866,5266.662466,27:47.9
741.5871,-0.110733,-0.921585,0.261108,0.96424,5266.692007,27:47.9
744.5413,-0.088974,-0.959961,0.282944,1.004738,5266.721549,27:47.9
747.4959,0.021652,-0.919785,0.245926,0.95234,5266.751095,27:47.8
750.4477,-0.022339,-0.926239,0.223297,0.953037,5266.780613,27:47.8
753.4043,-0.113174,-0.926697,0.238083,0.963462,5266.810179,27:47.8
756.3585,-0.124176,-0.964798,0.183517,0.989916,5266.839721,27:47.8
759.3126,0.012451,-0.98024,0.162689,0.993727,5266.869262,27:47.7
762.2669,0.132462,-0.961761,0.204117,0.992066,5266.898805,27:47.7
765.2216,0.070114,-1.019608,0.308304,1.067505,5266.928352,27:47.7
768.1761,-0.015701,-1.125702,0.387955,1.190781,5266.957897,27:47.6
771.1304,0.160187,-0.707199,0.548553,0.909231,5266.98744,27:47.6
774.0845,0.433731,-0.889359,0.699356,1.211685,5267.016981,27:47.6
777.0386,0.320892,-1.542969,0.360123,1.616605,5267.046522,27:47.5
779.993,-0.130096,-1.998795,0.546875,2.076337,5267.076066,27:47.5
782.9473,0.727432,-1.573074,-0.052032,1.733905,5267.105609,27:47.5
785.9016,0.561249,-1.358871,-0.011337,1.470259,5267.135152,27:47.5
788.8562,-6.31311,-4.409164,-1.555588,7.85595,5267.164698,27:47.4
791.8106,2.863907,0.952652,4.715149,5.598405,5267.194242,27:47.4
794.7653,0.126953,-0.156006,-0.027939,0.203065,5267.223789,27:47.4
797.72,-0.319412,-0.328171,0.087723,0.466278,5267.253336,27:47.3
800.6746,-0.271652,-0.436737,0.116501,0.527358,5267.282882,27:47.3
803.6293,-0.271332,-0.611847,0.139526,0.6837,5267.312429,27:47.3
806.5841,-0.142349,-0.749435,0.100479,0.769424,5267.341977,27:47.3
809.5389,0.127441,-0.715622,0.007492,0.72692,5267.371525,27:47.2
812.4936,0.151886,-0.805206,0.060516,0.821638,5267.401072,27:47.2
815.4481,0.026947,-1.002335,0.186783,1.019945,5267.430617,27:47.2
818.403,-0.019043,-0.94725,0.219101,0.972446,5267.460166,27:47.1
821.3572,0.005676,-0.934143,0.227524,0.961469,5267.489708,27:47.1
824.3118,-0.007751,-0.948212,0.218872,0.973175,5267.519254,27:47.1
827.2667,-0.073441,-0.912674,0.227798,0.943536,5267.548803,27:47.0
830.221,-0.009201,-0.893311,0.200363,0.915551,5267.578346,27:47.0
833.1757,0.074448,-0.941879,0.136917,0.954686,5267.607893,27:47.0
836.1296,0.15239,-0.984283,0.113647,1.002473,5267.637432,27:47.0
839.0846,0.214737,-0.954956,0.189255,0.99693,5267.666982,27:46.9
842.0392,0.28096,-0.985733,0.248352,1.05465,5267.696528,27:46.9
844.9938,0.310608,-0.979996,0.327454,1.078932,5267.726074,27:46.9
847.9484,0.115982,-0.946167,0.454071,1.055871,5267.75562,27:46.8
850.9033,0.071152,-0.908951,0.550598,1.065088,5267.785169,27:46.8
853.8577,0.819885,-0.856842,0.387894,1.247739,5267.814713,27:46.8
856.8129,0.255814,-0.804306,0.39122,0.93027,5267.844265,27:46.8
859.7678,-0.134628,-0.957214,0.380066,1.038669,5267.873814,27:46.7
862.7229,0.18544,-0.928787,0.25618,0.981153,5267.903365,27:46.7
865.6779,0.107132,-1.019608,0.133987,1.033939,5267.932915,27:46.7
868.6326,0.049988,-1.019958,0.016479,1.021316,5267.962462,27:46.6
871.5871,-0.051575,-1.049911,-0.014786,1.051281,5267.992007,27:46.6
874.5424,-0.120499,-1.001221,0.002197,1.008448,5268.02156,27:46.6
877.4971,-0.129807,-1.000458,0.018524,1.009014,5268.051107,27:46.5
880.452,-0.120148,-0.980179,0.043167,0.988458,5268.080656,27:46.5
883.4068,-0.079224,-0.985657,0.062454,0.990806,5268.110204,27:46.5
886.3614,-0.11554,-0.995117,0.069473,1.004208,5268.13975,27:46.5
889.3133,-0.10878,-0.977127,0.067413,0.985472,5268.169269,27:46.4
892.271,-0.08963,-0.982819,0.072968,0.989591,5268.198846,27:46.4
895.2255,-0.091003,-0.980545,0.085175,0.988436,5268.228391,27:46.4
898.1802,-0.121567,-0.977646,0.06517,0.987328,5268.257938,27:46.3
901.1347,-0.123795,-0.980423,0.062881,0.990206,5268.287483,27:46.3
904.0894,-0.1138,-0.968506,0.064407,0.977293,5268.31703,27:46.3
907.0424,-0.107224,-0.978638,0.074249,0.98729,5268.34656,27:46.2
909.9987,-0.10849,-0.965454,0.087875,0.975497,5268.376123,27:46.2
912.9533,-0.092987,-0.981079,0.102905,0.990834,5268.405669,27:46.2
915.908,-0.056625,-0.981506,0.101334,0.988347,5268.435216,27:46.2
918.8626,-0.073349,-0.990707,0.121384,1.000807,5268.464762,27:46.1
921.8175,-0.064804,-0.973984,0.117691,0.983207,5268.494311,27:46.1
924.7723,-0.058304,-0.978088,0.119308,0.987062,5268.523859,27:46.1
927.7268,-0.066727,-0.978165,0.121704,0.987963,5268.553404,27:46.0
930.6812,-0.071854,-0.978851,0.123001,0.989162,5268.582948,27:46.0
933.6357,-0.046356,-0.98822,0.11676,0.996173,5268.612493,27:46.0
936.5901,-0.056442,-0.972946,0.100937,0.979795,5268.642037,27:46.0
939.5446,-0.063126,-0.978119,0.138565,0.9899,5268.671582,27:45.9
942.4989,-0.036438,-0.982269,0.098251,0.987843,5268.701125,27:45.9
945.4531,0.068192,-0.998016,0.115738,1.007016,5268.730667,27:45.9
948.4076,0.03949,-0.981293,0.148468,0.993246,5268.760212,27:45.8
951.362,-0.062546,-0.960693,0.176834,0.978833,5268.789756,27:45.8
954.3165,0.001801,-0.972565,0.170074,0.987325,5268.819301,27:45.8
957.271,0.017868,-0.952179,0.143906,0.963158,5268.848846,27:45.7
960.2257,-0.113449,-1.044601,0.199905,1.069591,5268.878393,27:45.7
963.1801,-0.03717,-0.932388,0.190567,0.952389,5268.907937,27:45.7
966.1345,-0.026367,-0.963348,0.232864,0.991444,5268.937481,27:45.7
969.0888,0.080566,-1.061646,0.302551,1.106851,5268.967024,27:45.6
972.0431,0.214935,-0.773224,0.225281,0.833561,5268.996567,27:45.6
974.9973,0.15274,-0.844223,0.25473,0.894947,5269.026109,27:45.6
977.9517,-0.605301,-1.48526,0.554367,1.696971,5269.055653,27:45.5
980.906,-0.386261,-0.689499,-1.212845,1.447618,5269.085196,27:45.5
983.8607,1.211136,-1.70842,1.139893,2.384304,5269.114743,27:45.5
986.8154,0.601044,-0.852432,0.820557,1.327105,5269.14429,27:45.5
989.77,0.328491,-0.825272,0.649399,1.100317,5269.173836,27:45.4
992.7243,0.196594,-0.679947,0.412125,0.819038,5269.203379,27:45.4
995.6791,0.174393,-0.443146,0.292908,0.559094,5269.232927,27:45.4
998.6336,0.08429,-0.305603,0.15686,0.353699,5269.262472,27:45.3
1001.5882,0.100449,-0.180908,0.092224,0.226546,5269.292018,27:45.3
1004.5427,0.205673,-0.321777,0.13327,0.404479,5269.321563,27:45.3
1007.4973,0.2052,-0.49736,0.164322,0.562562,5269.351109,27:45.2
1010.4515,0.237579,-0.635391,0.413071,0.794225,5269.380651,27:45.2
1013.4062,0.153015,-0.805023,0.515305,0.967995,5269.410198,27:45.2
1016.3607,0.250305,-0.992462,0.471161,1.126777,5269.439743,27:45.2
1019.3152,0.456009,-1.194183,0.418365,1.345008,5269.469288,27:45.1
1022.2697,0.241959,-1.221207,0.510361,1.345495,5269.498833,27:45.1
1025.2246,0.17453,-1.072189,0.574951,1.229073,5269.528382,27:45.1
1028.1788,-0.017807,-0.950439,0.267685,0.987577,5269.557924,27:45.0
1031.134,-0.186325,-1.075363,0.062119,1.093152,5269.587476,27:45.0
1034.0886,-0.078445,-1.144562,0.037506,1.14786,5269.617022,27:45.0
1037.0432,0.126556,-1.282257,0.150162,1.297208,5269.646568,27:44.9
1039.9982,0.271881,-1.293716,0.253571,1.346076,5269.676118,27:44.9
1042.9532,0.260941,-1.245682,0.377121,1.327416,5269.705668,27:44.9
1045.9049,0.014481,-1.123322,0.350723,1.176889,5269.735185,27:44.9
1048.862,0.087585,-1.001251,0.318298,1.054272,5269.764756,27:44.8
1051.8167,0.028671,-0.951279,0.336258,1.009367,5269.794303,27:44.8
1054.7711,0.021957,-0.957321,0.244705,0.988345,5269.823847,27:44.8
1057.7255,0.057068,-0.954437,0.270645,0.993708,5269.853391,27:44.7
1060.6802,0.058655,-0.973129,0.248108,1.005971,5269.882938,27:44.7
1063.6342,0.038422,-0.944641,0.285522,0.987596,5269.912478,27:44.7
1066.5893,-0.049484,-0.976486,0.22998,1.004423,5269.942029,27:44.7
1069.5439,0.052963,-0.94426,0.228516,0.97296,5269.971575,27:44.6
1072.4985,0.014252,-0.98114,0.204956,1.00242,5270.001121,27:44.6
1075.453,-0.006195,-0.93071,0.260529,0.966506,5270.030666,27:44.6
1078.4073,0.022644,-0.901489,0.224655,0.929336,5270.060209,27:44.5
1081.3615,-0.100693,-0.883255,0.292297,0.935797,5270.089751,27:44.5
1084.3164,-0.059875,-0.892792,0.356842,0.963327,5270.1193,27:44.5
1087.271,0.0513,-0.890854,0.37085,0.966324,5270.148846,27:44.4
1090.2256,0.07547,-0.92662,0.382919,1.005459,5270.178392,27:44.4
1093.1803,0.143036,-0.93219,0.421844,1.033146,5270.207939,27:44.4
1096.1354,0.185883,-0.847809,0.445236,0.975483,5270.23749,27:44.4
1099.0899,0.129333,-0.915588,0.487564,1.045346,5270.267035,27:44.3
1102.0447,0.165344,-0.868652,0.582458,1.058845,5270.296583,27:44.3
1104.9994,0.434891,-0.874207,0.410309,1.059113,5270.32613,27:44.3
1107.954,0.279083,-0.958862,0.452225,1.096272,5270.355676,27:44.2
1110.9087,-0.101334,-0.783051,0.526413,0.948972,5270.385223,27:44.2
1113.8635,0.341354,-1.164337,0.652588,1.377706,5270.414771,27:44.2
1116.8182,1.204559,-0.662811,0.175369,1.386015,5270.444318,27:44.2
1119.7732,-0.021088,-0.220901,0.776749,0.807825,5270.473868,27:44.1
1122.7279,-1.231613,-1.550735,0.706818,2.102675,5270.503415,27:44.1
1125.6827,2.12738,-7.211777,0.668503,7.548667,5270.532963,27:44.1
1128.6374,0.753204,0.564026,1.330063,1.629266,5270.56251,27:44.0
1131.5921,0.603027,0.147171,0.696121,0.932677,5270.592057,27:44.0
1134.5465,0.456161,0.130142,0.738785,0.877965,5270.621601,27:44.0
1137.5016,0.138885,0.069595,0.542725,0.56452,5270.651152,27:43.9
1140.4565,-0.065338,-0.166641,0.312683,0.36029,5270.680701,27:43.9
1143.4115,-0.016586,-0.362701,0.227661,0.428552,5270.710251,27:43.9
1146.3661,0.074265,-0.482803,0.172424,0.51802,5270.739797,27:43.9
1149.3205,0.198639,-0.614502,0.187408,0.672452,5270.769341,27:43.8
1152.2751,0.215668,-0.752731,0.252396,0.822691,5270.798887,27:43.8
1155.23,0.186646,-0.826843,0.406601,0.940123,5270.828436,27:43.8
1158.1852,0.197205,-0.994598,0.446594,1.107954,5270.857988,27:43.7
1161.1403,0.345093,-1.206482,0.487061,1.346074,5270.887539,27:43.7
1164.095,0.510406,-1.340942,0.44516,1.502268,5270.917086,27:43.7
1167.0496,0.558533,-1.480438,0.448898,1.644739,5270.946632,27:43.6
1170.0043,0.17511,-1.318726,0.520432,1.428478,5270.976179,27:43.6
1172.959,-0.222794,-1.296295,0.35051,1.361204,5271.005726,27:43.6
1175.9135,0.134842,-1.090469,0.132782,1.106769,5271.035271,27:43.6
1178.8683,0.169373,-1.425949,0.064911,1.437439,5271.064819,27:43.5
1181.8228,0.090591,-1.159882,-0.036697,1.163993,5271.094364,27:43.5
1184.777,-0.26268,-0.935486,0.071289,0.974278,5271.123906,27:43.5
1187.7321,-0.629807,-1.033081,0.153259,1.219591,5271.153457,27:43.4
1190.686,-0.049988,-0.945221,0.049225,0.947821,5271.182996,27:43.4
1193.6414,0.771378,-0.932053,-0.087997,1.213049,5271.21255,27:43.4
1196.596,-0.129364,-1.26384,0.291245,1.303399,5271.242096,27:43.4
1199.5507,-1.156204,-0.871429,0.601578,1.567831,5271.271643,27:43.3
1202.5052,-0.132126,-1.029999,-0.493683,1.149816,5271.301188,27:43.3
1205.4604,2.162445,-0.985901,0.795425,2.506167,5271.33074,27:43.3
1208.4152,1.133408,-1.067429,0.947845,1.822753,5271.360288,27:43.2
1211.3698,0.305237,-1.124603,0.822769,1.426482,5271.389834,27:43.2
1214.3187,0.213364,-0.639465,0.66481,0.946791,5271.419323,27:43.2
1217.2734,0.15596,-0.680267,0.587173,0.912064,5271.44887,27:43.1
1220.2274,0.24202,-0.682358,0.431198,0.842685,5271.47841,27:43.1
1223.1821,0.328461,-0.489212,0.355331,0.688095,5271.507957,27:43.1
1226.1368,0.053146,-0.378708,0.413162,0.562981,5271.537504,27:43.1
1229.0913,0.006683,-0.62468,0.449295,0.769503,5271.567049,27:43.0
1232.046,0.435303,-0.799179,0.900101,1.279983,5271.596596,27:43.0
1235.0008,0.270691,-0.992157,0.572525,1.177045,5271.626144,27:43.0
1237.9539,0.176331,-1.12764,0.325897,1.18696,5271.655675,27:42.9
1240.9102,0.186523,-1.142426,0.062759,1.159252,5271.685238,27:42.9
1243.8647,0.270737,-1.029205,0.025909,1.064534,5271.714783,27:42.9
1246.819,0.253708,-1.02066,0.142242,1.061296,5271.744326,27:42.9
1249.7737,0.067474,-1.056671,0.232117,1.083967,5271.773873,27:42.8
1252.728,-0.103668,-1.066299,0.275818,1.106263,5271.803416,27:42.8
1255.6817,-0.171005,-1.06955,0.278763,1.118431,5271.832953,27:42.8
1258.6373,-0.118927,-1.011505,0.269577,1.053545,5271.862509,27:42.7
1261.5918,-0.016602,-0.970123,0.229202,0.99697,5271.892054,27:42.7
1264.5466,-0.016418,-0.970581,0.207474,0.992644,5271.921602,27:42.7
1267.5012,-0.02977,-0.964844,0.181854,0.982283,5271.951148,27:42.6
1270.4556,-0.069656,-0.976837,0.175339,0.99489,5271.980692,27:42.6
1273.4101,-0.056534,-0.96846,0.174606,0.985697,5272.010237,27:42.6
1276.3647,-0.087921,-0.990509,0.142487,1.00456,5272.039783,27:42.6
1279.3193,-0.046448,-0.965866,0.091263,0.971279,5272.069329,27:42.5
1282.274,-0.095795,-0.966202,0.122711,0.978663,5272.098876,27:42.5
1285.2286,-0.086761,-0.977005,0.175522,0.996431,5272.128422,27:42.5
1288.1832,-0.110428,-0.990158,0.174088,1.011392,5272.157968,27:42.4
1291.138,-0.047928,-0.971497,0.11087,0.978976,5272.187516,27:42.4
1294.0925,-0.093216,-0.968414,0.089294,0.97698,5272.217061,27:42.4
1297.0473,-0.161896,-0.960602,0.094559,0.978727,5272.246609,27:42.3
1300.0022,-0.160065,-0.968826,0.044815,0.982982,5272.276158,27:42.3
1302.9572,-0.218231,-0.961594,0.090836,0.990221,5272.305708,27:42.3
1305.9122,-0.225906,-0.984131,0.124969,1.01743,5272.335258,27:42.3
1308.867,-0.147705,-0.983841,0.149017,1.005965,5272.364806,27:42.2
1311.8215,-0.000809,-1.038498,0.165146,1.051547,5272.394351,27:42.2
1314.7759,-0.151382,-0.934402,0.215622,0.970833,5272.423895,27:42.2
1317.7303,-0.536469,-0.849579,0.091461,1.008934,5272.453439,27:42.1
1320.6848,-0.193848,-1.030991,-0.002197,1.049058,5272.482984,27:42.1
1323.6393,0.187988,-0.665298,-0.406937,0.802221,5272.512529,27:42.1
1326.594,-0.474182,-2.158646,0.893814,2.38401,5272.542076,27:42.1
1329.5487,0.211227,-1.287903,-0.232208,1.325606,5272.571623,27:42.0
1332.5032,0.419373,-0.753845,0.197784,0.885028,5272.601168,27:42.0
1335.4579,0.269699,-0.837326,0.181763,0.898271,5272.630715,27:42.0
1338.4125,0.212723,-0.822632,0.421448,0.948468,5272.660261,27:41.9
1341.3671,0.217484,-0.959274,0.340134,1.040768,5272.689807,27:41.9
1344.3218,0.355911,-1.119263,0.387772,1.236846,5272.719354,27:41.9
1347.2763,0.337128,-1.29158,0.433533,1.40349,5272.748899,27:41.8
1350.231,0.350418,-1.197266,0.419052,1.315995,5272.778446,27:41.8
1353.1857,0.246353,-0.884094,0.412384,1.006168,5272.807993,27:41.8
1356.1405,0.059174,-0.665604,0.464645,0.813895,5272.837541,27:41.8
1359.0951,0.260208,-0.541046,0.483261,0.770701,5272.867087,27:41.7
1362.0494,0.370102,-0.61644,0.389069,0.817525,5272.89663,27:41.7
1365.0038,0.44809,-0.517609,0.390213,0.788016,5272.926174,27:41.7
1367.9581,0.40332,-0.41066,0.278976,0.639638,5272.955717,27:41.6
1370.9126,0.125381,-0.618835,0.293579,0.696324,5272.985262,27:41.6
1373.8669,0.160736,-0.863693,0.611893,1.070614,5273.014805,27:41.6
1376.8207,0.010635,-0.968018,0.974686,1.373748,5273.044343,27:41.6
1379.7756,-0.240723,-1.126892,0.485443,1.250395,5273.073892,27:41.5
1382.7298,0.120895,-1.40593,-0.067276,1.412721,5273.103434,27:41.5
1385.6842,0.049072,-1.618622,-0.345184,1.655747,5273.132978,27:41.5
1388.6388,0.022385,-1.436066,0.000824,1.43624,5273.162524,27:41.4
1391.5934,-0.014069,-1.203522,0.123444,1.209918,5273.19207,27:41.4
1394.5475,-0.04303,-1.043381,0.183121,1.060202,5273.221611,27:41.4
1397.5024,-0.036575,-0.979462,0.213791,1.00319,5273.25116,27:41.3
1400.4567,-0.037338,-1.014923,0.238846,1.043317,5273.280703,27:41.3
1403.4111,-0.001389,-0.995438,0.230103,1.021687,5273.310247,27:41.3
1406.3653,-0.02475,-0.963562,0.229416,0.990806,5273.339789,27:41.3
1409.3195,0.009094,-0.9888,0.216537,1.012273,5273.369331,27:41.2
1412.2734,0.015213,-0.995316,0.233383,1.022425,5273.39887,27:41.2
1415.2286,0.021454,-0.994125,0.245361,1.024181,5273.428422,27:41.2
1418.1829,-0.06311,-0.977341,0.248718,1.010465,5273.457965,27:41.1
1421.1374,-0.074371,-0.977676,0.230621,1.007258,5273.48751,27:41.1
1424.0919,-0.082214,-0.981903,0.108246,0.991267,5273.517055,27:41.1
1427.0465,-0.3909,-0.861069,0.064438,0.947837,5273.546601,27:41.0
1430.0012,-0.371643,-0.948471,0.211685,1.040445,5273.576148,27:41.0
1432.9556,0.179276,-1.02742,0.12764,1.050725,5273.605692,27:41.0
1435.9101,0.214722,-0.999344,0.116379,1.028755,5273.635237,27:41.0
1438.8646,-0.651398,-0.923294,0.411575,1.202574,5273.664782,27:40.9
1441.8186,-0.997879,-0.749817,0.411179,1.314175,5273.694322,27:40.9
1444.7739,1.458618,-1.341492,-0.322311,2.007748,5273.723875,27:40.9
1447.7286,0.569641,-0.935608,-0.043854,1.096256,5273.753422,27:40.8
1450.6834,-1.291031,-1.634903,-0.183716,2.091272,5273.78297,27:40.8
1453.638,-0.414413,-1.18483,-0.618271,1.399221,5273.812516,27:40.8
1456.5925,-0.004578,-0.680496,0.30957,0.747616,5273.842061,27:40.8
1459.5471,0.062454,-0.77858,0.307755,0.839524,5273.871607,27:40.7
1462.5018,0.19313,-0.797928,0.355194,0.894512,5273.901154,27:40.7
1465.4562,0.268646,-0.813873,0.394028,0.943302,5273.930698,27:40.7
1468.4105,0.303009,-1.05545,0.409683,1.17202,5273.960241,27:40.6
1471.365,0.145203,-1.08165,0.353363,1.147134,5273.989786,27:40.6
1474.3192,-0.006119,-0.885635,0.338623,0.948184,5274.019328,27:40.6
1477.2736,0.002823,-0.91864,0.30751,0.968747,5274.048872,27:40.5
1480.228,0.010071,-0.814636,0.258499,0.854725,5274.078416,27:40.5
1483.1824,-0.119949,-0.694351,0.152267,0.7209,5274.10796,27:40.5
1486.1369,-0.226776,-0.735413,0.06073,0.771976,5274.137505,27:40.5
1489.0913,-0.099045,-0.892975,-0.022141,0.898724,5274.167049,27:40.4
1492.0456,0.136261,-1.084122,0.067963,1.094763,5274.196592,27:40.4
1495.0001,-0.01004,-1.233475,0.159241,1.243752,5274.226137,27:40.4
1497.9539,-0.290085,-1.356598,0.169052,1.397528,5274.255675,27:40.3
1500.9088,-0.169022,-1.324295,0.048233,1.335909,5274.285224,27:40.3
1503.863,-0.034317,-1.111099,-0.137711,1.120127,5274.314766,27:40.3
1506.8171,-0.121277,-1.049042,-0.208954,1.076503,5274.344307,27:40.3
1509.7713,-0.121185,-0.938858,-0.155975,0.959411,5274.373849,27:40.2
1512.7258,-0.141205,-0.937637,-0.149658,0.959948,5274.403394,27:40.2
1515.6798,-0.15303,-0.968414,-0.147263,0.991429,5274.432934,27:40.2
1518.6345,-0.126816,-0.970993,-0.151047,0.99082,5274.462481,27:40.1
1521.5887,-0.137024,-0.953812,-0.121658,0.971253,5274.492023,27:40.1
1524.5434,-0.114532,-0.974518,-0.069702,0.983698,5274.52157,27:40.1
1527.4978,-0.107086,-0.981339,-0.071075,0.989719,5274.551114,27:40.0
1530.4525,-0.083374,-0.975067,-0.079849,0.981877,5274.580661,27:40.0
1533.4064,-0.126953,-0.970718,-0.110672,0.985221,5274.6102,27:40.0
1536.3612,-0.143524,-0.980621,-0.152466,1.002728,5274.639748,27:40.0
1539.3154,-0.11795,-0.962067,-0.153976,0.981424,5274.66929,27:39.9
1542.2699,-0.139175,-0.993454,-0.120804,1.010403,5274.698835,27:39.9
1545.2243,-0.177399,-0.979736,-0.121338,1.003034,5274.728379,27:39.9
1548.1782,-0.088867,-0.968552,-0.138702,0.98246,5274.757918,27:39.8
1551.1309,-0.109848,-0.969788,-0.157547,0.988623,5274.787445,27:39.8
1554.0873,-0.141235,-0.972305,-0.112869,0.988971,5274.817009,27:39.8
1557.0419,-0.11409,-0.975235,-0.093704,0.986347,5274.846555,27:39.7
1559.9962,-0.11412,-0.968811,-0.09903,0.980523,5274.876098,27:39.7
1562.9506,-0.118027,-0.989746,-0.112015,1.003033,5274.905642,27:39.7
1565.9047,-0.108948,-0.986267,-0.127731,1.000454,5274.935183,27:39.7
1568.8592,-0.114029,-0.978104,-0.147064,0.995649,5274.964728,27:39.6
1571.8134,-0.086777,-1.015244,-0.11676,1.025613,5274.99427,27:39.6
1574.7676,-0.148605,-0.980789,-0.096542,0.99667,5275.023812,27:39.6
1577.7218,-0.124802,-0.937454,-0.121735,0.953528,5275.053354,27:39.5
1580.6759,-0.055466,-1.031937,-0.161621,1.045988,5275.082895,27:39.5
1583.63,-0.102585,-0.978989,-0.120865,0.991741,5275.112436,27:39.5
1586.5841,-0.116287,-0.980927,-0.120972,0.995175,5275.141977,27:39.5
1589.5385,-0.093155,-0.961899,-0.130035,0.975108,5275.171521,27:39.4
1592.493,-0.112259,-0.97467,-0.133636,0.990173,5275.201066,27:39.4
1595.4474,-0.119995,-0.982422,-0.134598,0.998833,5275.23061,27:39.4
1598.4017,-0.10881,-0.968567,-0.128769,0.983129,5275.260153,27:39.3
1601.356,-0.114502,-0.977692,-0.126282,0.992441,5275.289696,27:39.3
1604.3102,-0.091171,-0.959564,-0.135071,0.973304,5275.319238,27:39.3
